id;nev;foglalkozas;nyelv
1;Alisha Metheringham;Recruiting Manager;Montenegrin
2;Paulo Dyer;Assistant Media Planner;Armenian
3;Philbert Simakov;Environmental Specialist;Somali
4;Bartholomeus Jantot;Structural Analysis Engineer;Kazakh
5;Selena Westhofer;Operator;Kannada
6;Philomena Eslie;Software Consultant;Montenegrin
7;Deck Dibbs;Analog Circuit Design manager;Zulu
8;Dudley Barnham;Programmer Analyst III;Zulu
9;Margalo Storres;VP Sales;Swahili
10;Pail Tunno;Senior Quality Engineer;Guaraní
11;Lynnette Ivanilov;Registered Nurse;Lithuanian
12;Gracia Simoncelli;Administrative Assistant II;Zulu
13;Adriano O'Bradain;Engineer IV;Czech
14;Demetrius Sextone;Assistant Media Planner;Zulu
15;Mikkel Caveill;Civil Engineer;Kannada
16;Willyt Greatbank;Senior Financial Analyst;Albanian
17;Danit Measham;Quality Engineer;Ndebele
18;Grant Tretwell;Recruiting Manager;Danish
19;Millicent Bolding;Systems Administrator I;Dari
20;Celeste Howkins;VP Marketing;Dari
21;Feodora Mattiato;Research Associate;Guaraní
22;Misty Cometto;Actuary;Bosnian
23;Scotty Blenkhorn;Compensation Analyst;Somali
24;Marigold Bramble;Paralegal;Luxembourgish
25;Emlyn Blaby;Senior Cost Accountant;Assamese
26;Nicolai Bartoszinski;Developer III;Lao
27;Tadeas Goodings;Social Worker;Punjabi
28;Jeramie Sellers;Quality Engineer;Norwegian
29;Meara Theakston;Programmer Analyst I;Punjabi
30;Kermit Maffini;Media Manager I;Somali
31;Meade Haill;Account Representative IV;German
32;Delilah Denisovich;Cost Accountant;Oriya
33;Jaime Danforth;Accountant III;Dutch
34;Martie Storton;Human Resources Manager;Dzongkha
35;Dannie Lott;Help Desk Technician;Pashto
36;Donnamarie Baughen;Human Resources Assistant IV;Ndebele
37;Martha MacTrustam;Speech Pathologist;Somali
38;Trumann Beringer;Professor;Haitian Creole
39;Carl Burdfield;Paralegal;Tswana
40;Dene Plak;Research Nurse;Estonian
41;Jessie Sorrel;Actuary;Nepali
42;Brooks Haskur;VP Quality Control;Albanian
43;Oralle Byford;Graphic Designer;Hebrew
44;William Kenningley;Graphic Designer;Yiddish
45;Pammy Killby;Junior Executive;English
46;Marcelo Vinter;Food Chemist;Hiri Motu
47;Micki Casol;Research Associate;Northern Sotho
48;Berte Ashlee;Tax Accountant;Azeri
49;Zacharia Crimin;Assistant Manager;Nepali
50;Alard Daltry;Database Administrator IV;Marathi
51;Marcy Dearle;Assistant Manager;Malagasy
52;Mayne Gehring;Structural Analysis Engineer;Afrikaans
53;Hildy Lempke;Pharmacist;Kashmiri
54;Helena Holcroft;Registered Nurse;Danish
55;Pren Breston;Administrative Assistant III;Marathi
56;Tad Heintzsch;Technical Writer;Lithuanian
57;Lionello Petrishchev;Technical Writer;Ndebele
58;Sidonia Sherrocks;Professor;Nepali
59;Rikki Poter;Chief Design Engineer;Tajik
60;Hans Champley;Sales Associate;Chinese
61;Averil Beumant;Payment Adjustment Coordinator;Swati
62;Abel Ayscough;Paralegal;Guaraní
63;Ruthi McIlvenna;Administrative Officer;Dzongkha
64;Leon Burnsall;Staff Accountant III;Italian
65;Meredithe Duncklee;Developer II;Portuguese
66;Lauraine Goodban;Food Chemist;Tamil
67;Urson Christol;Financial Advisor;New Zealand Sign Language
68;Kristi O'Cosgra;Senior Quality Engineer;Czech
69;Bidget McHugh;Staff Accountant II;Tsonga
70;Camila Esh;Health Coach IV;Estonian
71;Rollin Ruston;Geologist III;Assamese
72;Grant Alliberton;Senior Editor;Kurdish
73;Yolanda Balle;Professor;Tajik
74;Frasquito Deverose;Research Assistant II;Icelandic
75;Alexandre Scarce;Senior Sales Associate;Haitian Creole
76;Elly Newgrosh;Office Assistant IV;Kannada
77;Tamarah Mayward;Payment Adjustment Coordinator;Portuguese
78;Aubrette Windham;Physical Therapy Assistant;Swedish
79;Bessie Vaudre;Operator;Korean
80;Bunny Gorrie;Analog Circuit Design manager;Czech
81;Vania O'Geneay;Geologist II;Tok Pisin
82;Vladimir Morden;Clinical Specialist;Malagasy
83;Cheslie Cadge;Senior Developer;Japanese
84;Lyman Apfel;Business Systems Development Analyst;Filipino
85;Adolpho Daniellot;Automation Specialist IV;Burmese
86;Devora Shilburne;Help Desk Technician;Lithuanian
87;Maddi Goodyer;Assistant Media Planner;Thai
88;Hedwiga Lowndes;Structural Engineer;Greek
89;Erich Swatheridge;Senior Cost Accountant;Portuguese
90;Patricio Grimsdell;Paralegal;Chinese
91;Trey Plunkett;Office Assistant III;Belarusian
92;Saxe MacIllrick;Developer I;Catalan
93;Cordula Stairmond;Senior Sales Associate;Greek
94;Sindee Leates;Project Manager;Swahili
95;Maribel Turley;Project Manager;Greek
96;Nady Volker;Operator;Norwegian
97;Gilda Handscomb;Account Representative IV;Hebrew
98;Skye Fernely;Office Assistant I;Gujarati
99;Nadean Pyne;Geological Engineer;Bosnian
100;Dex Lunn;Cost Accountant;Hindi
101;Page Durrand;Office Assistant I;Malay
102;Cale Uphill;Administrative Officer;Hiri Motu
103;Carolyn Jochanany;Senior Cost Accountant;Azeri
104;Ari Luney;Professor;Tok Pisin
105;Westbrooke Nassey;Accounting Assistant II;Japanese
106;Peg Darter;Geologist IV;Assamese
107;Alice Bridgwater;Statistician I;Maltese
108;Ardys Bottrill;General Manager;Lao
109;Virginie Neeves;Senior Financial Analyst;Bengali
110;Deena Pren;Developer II;Swati
111;Charyl Gerritsma;Computer Systems Analyst IV;Lithuanian
112;Teresita Hovey;Statistician II;Chinese
113;Robert Hourigan;Mechanical Systems Engineer;Tajik
114;Nanny Ellse;Dental Hygienist;Burmese
115;Di Couch;Software Engineer II;Finnish
116;Lydon Speek;Staff Accountant I;Bulgarian
117;Jamesy MacKegg;Internal Auditor;Dari
118;Imelda Clayden;Research Nurse;Quechua
119;Sioux Moreinu;Account Coordinator;Dari
120;Idaline Nacey;Technical Writer;Arabic
121;Eldredge Mosdell;Nurse;Gujarati
122;Gav Breakwell;Operator;Portuguese
123;Marlo Kibblewhite;Chemical Engineer;Catalan
124;Debi Joskowicz;Geologist II;Norwegian
125;Anton Myrie;Professor;Dutch
126;Quentin Pryer;Engineer IV;Tetum
127;Joy Carlsen;Physical Therapy Assistant;Ndebele
128;Niel Tongue;Staff Accountant III;Oriya
129;Marijn Hamblington;Research Assistant IV;Japanese
130;Derwin Yakolev;Environmental Tech;Yiddish
131;Karon McCaughey;Teacher;Tetum
132;Wain Brookson;Administrative Assistant IV;Korean
133;Saunders Woodard;Compensation Analyst;Swati
134;Katha Shambrooke;Quality Control Specialist;Tajik
135;Stevie Pinch;Sales Representative;Lithuanian
136;Brion Aish;Paralegal;Korean
137;Rudolfo Clewarth;GIS Technical Architect;Moldovan
138;Farrell Fuente;Office Assistant IV;Khmer
139;Alane Parlatt;Editor;Luxembourgish
140;Knox Hurworth;Mechanical Systems Engineer;Malay
141;Kore Dupoy;Geological Engineer;German
142;Eydie Lamperti;General Manager;Bengali
143;Haily Ivanikov;Research Nurse;Marathi
144;Gail Beck;Help Desk Technician;Bulgarian
145;Michelle Grievson;Recruiting Manager;Gagauz
146;Berkley Kender;Media Manager IV;Kazakh
147;Aharon Craik;Editor;Yiddish
148;Barclay Bims;Graphic Designer;Kashmiri
149;Jennilee Daffey;Account Coordinator;Azeri
150;Marci Triggol;Data Coordinator;Northern Sotho
151;Pamela Le Gallo;Nuclear Power Engineer;Bislama
152;Jordon Blaksley;Operator;Bengali
153;Kirbee Keeves;Accounting Assistant IV;Azeri
154;Zenia Learoyde;Legal Assistant;Polish
155;Maryanne Khidr;Associate Professor;Burmese
156;Cecilia McLice;Financial Advisor;Oriya
157;Belia McNickle;Developer I;Dzongkha
158;Sephira Craister;GIS Technical Architect;Oriya
159;Durant Verny;Senior Financial Analyst;Swati
160;Gilly Storr;Recruiter;Italian
161;Bert Posthill;Registered Nurse;Swahili
162;Michaelina Madders;Community Outreach Specialist;Albanian
163;Jeniffer Solleme;Human Resources Manager;Italian
164;Fair Kemmey;Actuary;Swahili
165;Bridget Belleny;Assistant Media Planner;Yiddish
166;John Hebron;Senior Cost Accountant;Spanish
167;Suzie Liptrot;Chemical Engineer;Fijian
168;Leonid Lonnon;Recruiter;Oriya
169;Augusto Cutting;Professor;Oriya
170;Harmonia Renshell;Dental Hygienist;Latvian
171;Kellina Clyburn;Desktop Support Technician;Lithuanian
172;Angus Bason;Programmer I;Latvian
173;Dorotea Kean;Chief Design Engineer;Portuguese
174;Marylee Fairhurst;Product Engineer;Tetum
175;Raquela Navarro;Engineer II;Nepali
176;Korey Coulthurst;VP Accounting;Indonesian
177;Glory McKevitt;Desktop Support Technician;Italian
178;Anita Rockcliff;Geological Engineer;Portuguese
179;Ferguson Dawbery;Food Chemist;Afrikaans
180;Jesus Tillerton;Senior Quality Engineer;Dutch
181;Edwin Daniels;VP Sales;Fijian
182;Jaye Jore;Marketing Manager;Belarusian
183;Everett Basilotta;Speech Pathologist;Luxembourgish
184;Arabela Kermannes;Structural Analysis Engineer;New Zealand Sign Language
185;Nolana Boulsher;Marketing Manager;Dari
186;Lora Sage;Community Outreach Specialist;Estonian
187;Kenna Lambrick;Analyst Programmer;German
188;Bengt Marsden;Senior Financial Analyst;Tamil
189;Cob Laingmaid;Health Coach I;Bengali
190;Garnette Grigoryev;Geological Engineer;Bengali
191;Jilli Malloch;Accountant II;Chinese
192;Berenice Hostan;Dental Hygienist;Hebrew
193;Lyndy Balle;Senior Financial Analyst;Polish
194;Boy Kinghorn;Research Associate;Māori
195;Juliane Belfrage;Pharmacist;Tajik
196;Alva Ogborn;Geological Engineer;Spanish
197;Orland Moreing;Project Manager;Italian
198;Jaclin Passby;Database Administrator II;Malayalam
199;Oralia Brooke;Nuclear Power Engineer;Indonesian
200;Clarabelle Brownsill;Nuclear Power Engineer;Macedonian
201;Yule Shotboult;Sales Associate;Quechua
202;Leroi Soda;Mechanical Systems Engineer;Tsonga
203;Robinia Foad;Account Coordinator;Gagauz
204;Shellie Kenan;Marketing Manager;Zulu
205;Feliza Hayhurst;Physical Therapy Assistant;Estonian
206;Derry Wrate;Physical Therapy Assistant;Khmer
207;Babita Glenister;Recruiter;English
208;Pieter Hardison;Desktop Support Technician;Danish
209;Nicoli Lippett;Technical Writer;Malay
210;Eilis Hume;Research Nurse;Georgian
211;Evania Hardie;Actuary;Pashto
212;Tracie Sexstone;Occupational Therapist;Swedish
213;Scarlet Arkin;Systems Administrator IV;Pashto
214;Gweneth Binks;Nuclear Power Engineer;Dari
215;Bryn Rodwell;Office Assistant I;Nepali
216;Alexis Folder;Software Consultant;Telugu
217;Evanne Garton;Associate Professor;New Zealand Sign Language
218;Maisey Boake;Community Outreach Specialist;German
219;Timotheus Drugan;Compensation Analyst;Lithuanian
220;Bing Pendrich;General Manager;Italian
221;Ruy Ritzman;Computer Systems Analyst II;Hungarian
222;Kathi Collihole;Programmer I;Swedish
223;Melony Brearley;Senior Sales Associate;Tswana
224;Sigmund McVaugh;Design Engineer;Yiddish
225;Ahmad Wicklen;Design Engineer;Romanian
226;Linn Antony;Structural Engineer;Portuguese
227;Max Proffer;Project Manager;Dhivehi
228;Faydra Trimby;Professor;English
229;Jamal Alp;Recruiting Manager;Hungarian
230;Chadwick Mash;Budget/Accounting Analyst III;Armenian
231;Edwin Fisby;Computer Systems Analyst I;Bislama
232;Randy Willishire;Teacher;Tetum
233;Cherilyn Pye;Research Nurse;Somali
234;Lexy Yakovich;Accounting Assistant I;Icelandic
235;Mira Elward;Nurse Practicioner;Khmer
236;Marlow Swate;Editor;Kyrgyz
237;Dre Parham;Pharmacist;Romanian
238;Court Welden;Quality Control Specialist;Polish
239;Armando Marco;Financial Analyst;Bosnian
240;Oren Cheves;Structural Engineer;Belarusian
241;Kennan Hayesman;Administrative Assistant IV;Punjabi
242;Jefferson Klambt;Business Systems Development Analyst;Arabic
243;Burr Volant;Human Resources Assistant III;Tetum
244;Faith Chesher;General Manager;Somali
245;Parsifal Jenicke;Nurse Practicioner;West Frisian
246;Horatio Kolakowski;Financial Analyst;Kyrgyz
247;Ripley Cheale;Director of Sales;Tajik
248;Nollie Noyce;VP Product Management;Sotho
249;Mile Phillippo;Help Desk Technician;Oriya
250;Joceline Plumtree;Software Consultant;Assamese
251;Wyatt Sim;Help Desk Technician;Sotho
252;Lalo Damant;Accounting Assistant IV;Filipino
253;Martie Philipot;Junior Executive;Finnish
254;Kissee Franssen;Nuclear Power Engineer;Italian
255;Gertie Clemmett;Budget/Accounting Analyst I;Chinese
256;Richy Wells;Staff Accountant I;Czech
257;Vladimir Russi;Financial Advisor;Albanian
258;Bettina Wimpey;Structural Engineer;Afrikaans
259;Vernice Tuffey;Recruiting Manager;Tamil
260;Nap Trehearn;Budget/Accounting Analyst II;Italian
261;Aaren Gillis;Librarian;Kashmiri
262;Eden Verity;Web Designer IV;Hiri Motu
263;Meghan Thornally;Staff Accountant II;Quechua
264;Estele Dallaghan;Software Engineer II;Korean
265;Yancey Looks;Environmental Specialist;Afrikaans
266;Christye Postlethwaite;Registered Nurse;Tetum
267;Nicoline Gipp;Analyst Programmer;Bulgarian
268;Sally Germann;Geologist IV;Kashmiri
269;Aldus Stennes;Web Designer III;Lao
270;Frazer Boggon;Cost Accountant;Hebrew
271;Phineas Lyfe;Business Systems Development Analyst;Korean
272;Karly Mc Gorley;Database Administrator III;Hiri Motu
273;My Lackner;Compensation Analyst;Filipino
274;Tiffi Hillhouse;Quality Engineer;Hiri Motu
275;Wilie Lammerding;Senior Sales Associate;Moldovan
276;Corbett McKiddin;Pharmacist;Hiri Motu
277;Vivien Scolts;General Manager;Malay
278;Haven Bracknell;Chemical Engineer;Tswana
279;Ruy Czaja;Marketing Assistant;Persian
280;Jorgan Whillock;Assistant Media Planner;Zulu
281;Shoshana Riba;Help Desk Technician;Gujarati
282;Lulita Izacenko;Paralegal;Bislama
283;Corene Hamsher;Associate Professor;Khmer
284;Charlene Meiklam;Clinical Specialist;Tajik
285;Iain Starbeck;Account Coordinator;Bengali
286;Eyde Averill;Account Coordinator;Dutch
287;Aleta Biasioli;Occupational Therapist;Kannada
288;Matelda Spratling;Account Coordinator;Sotho
289;Maxim Iglesias;Electrical Engineer;Tamil
290;Robinet Wrigglesworth;Editor;Punjabi
291;Koral Ainsby;Geologist III;Tsonga
292;Frances Judkins;Civil Engineer;Persian
293;Dena Fairrie;Operator;Bulgarian
294;Helaine Napier;Actuary;Indonesian
295;Claus Calles;Software Engineer III;Telugu
296;Artemas Tschursch;Account Representative IV;Czech
297;Antonie World;Technical Writer;Gujarati
298;Alfi Austen;Help Desk Operator;Māori
299;Auguste Drewitt;Analyst Programmer;Lithuanian
300;Jermayne Imlen;Computer Systems Analyst III;Chinese
301;Thedric Euler;Senior Developer;Indonesian
302;Lon Muzzini;Accountant IV;Mongolian
303;Doe Repper;Administrative Assistant III;Georgian
304;Irwinn Belverstone;Help Desk Technician;Portuguese
305;Kristofer Eplett;Chemical Engineer;French
306;Charlotte Loble;Budget/Accounting Analyst IV;Mongolian
307;Elsworth Fountaine;Associate Professor;Swedish
308;Janek Lanston;Computer Systems Analyst I;Luxembourgish
309;Wanda Fulep;Food Chemist;Dutch
310;Curtis Mulholland;Human Resources Manager;Maltese
311;Margaretha Amorine;Environmental Tech;Kashmiri
312;Merrie Spinozzi;Nurse Practicioner;Georgian
313;Pooh Izachik;Geological Engineer;Malay
314;Sheri Wesson;Help Desk Technician;Romanian
315;Lindy Crace;Technical Writer;Lithuanian
316;Merna Cowle;Cost Accountant;Assamese
317;Dorette Montilla;Accountant III;West Frisian
318;Angus Jossum;Technical Writer;Papiamento
319;Adaline Washtell;Payment Adjustment Coordinator;Oriya
320;Alidia Maund;Safety Technician III;Filipino
321;Estevan Rapkins;Budget/Accounting Analyst IV;Belarusian
322;Tiffy Rasmus;Web Developer I;New Zealand Sign Language
323;Isac Garrettson;Design Engineer;Swati
324;Shirlee La Batie;Actuary;Finnish
325;Goddard Henryson;Structural Engineer;Hebrew
326;Blisse Tarbard;Biostatistician IV;German
327;Stanford Djordjevic;Electrical Engineer;Dari
328;Robby Guillain;Technical Writer;Japanese
329;Cal Gronous;Account Executive;Armenian
330;Paige Bonass;Associate Professor;Tetum
331;Sebastian Trustey;Operator;Telugu
332;Eric Prout;Health Coach IV;Czech
333;Obediah Delgardo;Pharmacist;Armenian
334;Arlen Annand;VP Marketing;Montenegrin
335;Pat Gibbin;Design Engineer;Malagasy
336;Karlen Reynold;Budget/Accounting Analyst III;Mongolian
337;Laetitia Ide;Assistant Professor;Georgian
338;Quintana Mullen;Office Assistant II;Malagasy
339;Shelagh Dearl;Data Coordinator;Finnish
340;Erwin Chidzoy;Computer Systems Analyst IV;Haitian Creole
341;Ilysa Turone;Financial Analyst;Māori
342;Dalt Keinrat;Web Designer IV;Korean
343;Kelsy Chomiszewski;Accountant III;Malagasy
344;Georgena Meeson;Librarian;English
345;Codee Mattheissen;Community Outreach Specialist;Montenegrin
346;Hilarius Yurov;Assistant Media Planner;Fijian
347;Winthrop Woolen;Graphic Designer;Irish Gaelic
348;Marigold Byllam;Clinical Specialist;Belarusian
349;Elsinore Vasilov;Social Worker;Azeri
350;Meridith Di Ruggero;Recruiting Manager;Azeri
351;Templeton Rosenau;Quality Engineer;Tajik
352;Kacy Brereton;Paralegal;Portuguese
353;Fergus Hancill;Staff Accountant I;Oriya
354;Ashlin Dumblton;Biostatistician I;Dhivehi
355;Jenna Strauss;Marketing Manager;Croatian
356;Amaleta Phorsby;Compensation Analyst;Belarusian
357;Meredith Smeaton;Occupational Therapist;Dutch
358;Ashly Feron;Human Resources Manager;Haitian Creole
359;Claus Nemchinov;Financial Advisor;Haitian Creole
360;Durand Blaszkiewicz;Accountant II;Swahili
361;Muire Polin;Staff Scientist;Chinese
362;Nero Reinisch;Graphic Designer;Punjabi
363;Cammy Hitchens;Geologist III;Mongolian
364;Ciro Kobieriecki;Paralegal;Croatian
365;Curcio Edinboro;Software Test Engineer II;Montenegrin
366;Agnella Sabbin;Financial Advisor;Afrikaans
367;Valerye Lyte;Statistician II;Kyrgyz
368;Teodor Becken;Human Resources Manager;Danish
369;Giordano Faucett;Tax Accountant;Romanian
370;Devland Nuzzi;Senior Developer;Haitian Creole
371;Edita Carrick;Sales Representative;Assamese
372;Hillery Lisle;Staff Scientist;Italian
373;Shay Milesap;Administrative Assistant III;Greek
374;Denver Lamacraft;Accountant IV;Gujarati
375;Erminia Beton;Payment Adjustment Coordinator;Māori
376;Beatrice Ludmann;Human Resources Assistant I;Malagasy
377;Charis Defont;GIS Technical Architect;Assamese
378;Zacharia Barthot;Staff Scientist;Northern Sotho
379;Fedora Berkeley;Research Nurse;Greek
380;Lotti Dalglish;Speech Pathologist;Portuguese
381;Gillie Vyel;Registered Nurse;Hungarian
382;Meyer Lobe;Environmental Tech;Romanian
383;Fiann Van den Velde;Geological Engineer;Montenegrin
384;Harley Golt;Clinical Specialist;Swati
385;Moll Brabben;Web Developer III;Greek
386;Chelsey Jesse;Staff Accountant I;Montenegrin
387;Aron Ebunoluwa;Administrative Assistant I;Dzongkha
388;Kerrill Lampens;VP Sales;Gujarati
389;Boot Knath;Executive Secretary;Fijian
390;Wiatt Chattock;Food Chemist;Japanese
391;Sephira Chubb;Health Coach III;Norwegian
392;Renee Liger;Structural Analysis Engineer;Maltese
393;Ripley Youson;Human Resources Assistant I;Sotho
394;Say Ondracek;Quality Control Specialist;Montenegrin
395;Gardy Wakeford;Analog Circuit Design manager;West Frisian
396;Yancey Lanktree;Professor;Oriya
397;Jana Megahey;Sales Associate;Italian
398;Pooh Pymer;Product Engineer;Armenian
399;Maxie Dobing;Automation Specialist II;Thai
400;Wileen Lissandrini;Programmer Analyst IV;Greek
401;Dotty Hazeldean;Librarian;Montenegrin
402;Alvinia Evershed;Senior Developer;Spanish
403;Debbi Peabody;Design Engineer;Nepali
404;Matthiew Colliar;Community Outreach Specialist;Malayalam
405;Ciro Smullen;Financial Advisor;Malayalam
406;Hieronymus Crippin;Associate Professor;Tsonga
407;Reider Boobyer;Senior Cost Accountant;English
408;Welby Maxwaile;Registered Nurse;Croatian
409;Klarrisa Wroath;Clinical Specialist;Malagasy
410;Lilas Denham;Legal Assistant;Icelandic
411;Jacquelynn Mangin;Social Worker;Armenian
412;Hadria McCroary;Director of Sales;Danish
413;Lazar Jerzyk;VP Product Management;Tetum
414;Ethelind Fallows;Financial Advisor;Portuguese
415;Gaultiero Selvester;VP Quality Control;Polish
416;Stearn Wyllie;Marketing Assistant;Bosnian
417;Elihu Hatfield;Analyst Programmer;New Zealand Sign Language
418;Ciel Herrieven;Geological Engineer;Zulu
419;Spike Mawd;Nurse;Georgian
420;Dane Washtell;Administrative Assistant I;Romanian
421;Ado MacSorley;Office Assistant IV;Macedonian
422;Mersey Bembrigg;Budget/Accounting Analyst II;Lao
423;Winn Branston;VP Product Management;Korean
424;Mabelle Spataro;Tax Accountant;Kannada
425;Row Le Jean;Executive Secretary;Tajik
426;Timothy Pile;Human Resources Manager;Romanian
427;Baillie Shucksmith;Structural Analysis Engineer;Quechua
428;Tova Blenkhorn;Software Consultant;Kyrgyz
429;Lynea Makey;Paralegal;Chinese
430;Margit Troubridge;Paralegal;Korean
431;Shelton Shields;Assistant Professor;Haitian Creole
432;Randie Drinan;Office Assistant III;Romanian
433;Kyla Hallyburton;Senior Financial Analyst;Dari
434;Glad Alsina;Senior Quality Engineer;Punjabi
435;Dian Beebe;Structural Engineer;Fijian
436;Winnie Russen;Senior Sales Associate;Romanian
437;Winni Hazeldean;Assistant Manager;Bengali
438;Florian Simmonite;VP Product Management;Thai
439;Giselle Seedhouse;Design Engineer;Czech
440;Kalvin Wank;Food Chemist;Montenegrin
441;Vasily Hartlebury;Analyst Programmer;Swati
442;Cassandry Ruprich;Nurse Practicioner;Macedonian
443;Link Chave;Systems Administrator II;Latvian
444;York Yakolev;Nurse Practicioner;Catalan
445;Karel Flay;Compensation Analyst;Armenian
446;Amerigo Pote;Automation Specialist II;Polish
447;Thane Thiese;Actuary;Amharic
448;Nolana Hamlin;Structural Engineer;Gujarati
449;Klarika Donisi;Marketing Assistant;Tswana
450;Reuben Blackstock;Research Nurse;Macedonian
451;Cornelius Kingham;Professor;Catalan
452;Cordie Crawshay;Registered Nurse;Persian
453;Colene Skittreal;Graphic Designer;Kazakh
454;Debby Lantry;Research Nurse;Swati
455;Alleyn Filchagin;Recruiter;Bulgarian
456;Miriam Cowdry;Director of Sales;Assamese
457;Byram Raiment;Media Manager II;Indonesian
458;Maggie Youhill;Geological Engineer;Tsonga
459;Eimile Ricarde;Nurse;Finnish
460;Nathalia Rump;Director of Sales;Bosnian
461;Oralla Phinnis;Programmer Analyst II;Lithuanian
462;Kaia Pitkethly;Product Engineer;Norwegian
463;Margalo Gellion;Structural Analysis Engineer;West Frisian
464;Stanislaw Jeavons;Associate Professor;Norwegian
465;Joan Caveau;Clinical Specialist;Hindi
466;Serge Blaydes;Media Manager I;Oriya
467;Cherilynn Dally;Assistant Manager;Arabic
468;Concordia Sprigging;Clinical Specialist;Aymara
469;Emmalynne Drover;Research Nurse;Lithuanian
470;Carolan Weekland;Financial Analyst;New Zealand Sign Language
471;Banky Jobbins;Office Assistant III;Hungarian
472;Elinore Faichnie;Account Executive;Hindi
473;Maitilde Gyles;Professor;Quechua
474;Keenan Bartosch;Chief Design Engineer;Czech
475;Conway Chipchase;Administrative Officer;Amharic
476;Cyrus Blackwood;Budget/Accounting Analyst II;Northern Sotho
477;Federica Flather;Health Coach III;Albanian
478;Tomlin Vickerman;Dental Hygienist;Albanian
479;Maryann Antoons;Community Outreach Specialist;Korean
480;Remy Douch;Administrative Assistant II;Somali
481;Manfred Prandini;Librarian;Gujarati
482;Tadeas Burgis;Tax Accountant;Kashmiri
483;Kaile Bamlett;Sales Representative;Belarusian
484;Kelley Pech;Structural Analysis Engineer;Bengali
485;Myrah Vockins;Librarian;Zulu
486;Riobard Tomczynski;Mechanical Systems Engineer;Swati
487;Dennis Yanyushkin;Clinical Specialist;Khmer
488;Willetta Blissitt;Director of Sales;Persian
489;Galen Gallamore;Cost Accountant;Lithuanian
490;Candi Jager;Recruiter;Catalan
491;Dom Schreiner;Computer Systems Analyst IV;Tajik
492;Analiese Aronovich;GIS Technical Architect;Assamese
493;Bobbye Eytel;Assistant Media Planner;Oriya
494;Rodina Antonijevic;Associate Professor;Tswana
495;Stepha Piatkow;Speech Pathologist;German
496;Duffie Heape;Nuclear Power Engineer;Punjabi
497;Flint Mullord;Account Coordinator;Romanian
498;Angelica L'Homme;Assistant Manager;Somali
499;Juditha Thorlby;Associate Professor;Filipino
500;Kliment Dirand;Marketing Manager;Papiamento
501;Earl Kissell;Food Chemist;Telugu
502;Rickie Scolding;Recruiting Manager;Japanese
503;Guglielma Thinn;Software Test Engineer III;English
504;Ximenez Nieass;Office Assistant II;Hungarian
505;Linnet Tancock;Safety Technician III;Japanese
506;Brandy Conibeer;Civil Engineer;Korean
507;Alvis Morrilly;Software Engineer III;Filipino
508;Kiri Tunny;Assistant Professor;German
509;Mirelle Self;Civil Engineer;Somali
510;Jannel Esterbrook;Business Systems Development Analyst;Polish
511;Pietrek Tropman;Senior Editor;Tsonga
512;Lorry Ladell;Financial Analyst;Tetum
513;Ferd Elcoate;Legal Assistant;Bislama
514;Gilberte Screwton;Graphic Designer;Thai
515;Aura Wrought;Civil Engineer;Montenegrin
516;Allys While;Tax Accountant;Yiddish
517;Kellen Melin;Research Associate;Armenian
518;Harp Delany;Product Engineer;Aymara
519;Ethelin Beamson;VP Quality Control;Zulu
520;Rozina Thirst;Staff Scientist;Dzongkha
521;Eward Pessel;VP Quality Control;Gagauz
522;Rosemary Toman;Administrative Assistant II;Macedonian
523;Vernen Leuty;Recruiter;Czech
524;Aaron McLeese;Business Systems Development Analyst;Kazakh
525;Rene Fanthom;Project Manager;Croatian
526;Riane Saggs;Statistician III;Aymara
527;Devinne Garrigan;Software Test Engineer I;Khmer
528;Kata Crum;Media Manager IV;Finnish
529;Lennie Humerstone;Help Desk Operator;Māori
530;Bee Peplay;Chemical Engineer;Papiamento
531;Genna Cauthra;Nuclear Power Engineer;Dari
532;Janaye Thames;Paralegal;Nepali
533;Jan Trevain;Occupational Therapist;Czech
534;Virginie Doyley;Pharmacist;Tetum
535;Pollyanna Poon;Teacher;Kannada
536;Norrie Dossit;Senior Sales Associate;Tsonga
537;Fritz Tunsley;VP Sales;Sotho
538;Hart Hannibal;Financial Advisor;Moldovan
539;Morgan Slimm;Executive Secretary;Belarusian
540;Randolph Shird;Administrative Assistant III;Filipino
541;Syman Sperrett;Senior Editor;Arabic
542;Pascale Duggen;Health Coach III;Polish
543;Dominick Gherardesci;Junior Executive;Korean
544;Mathias Clampton;Pharmacist;Gagauz
545;Marvin Ayshford;Programmer Analyst I;Tsonga
546;Herrick Trahearn;Executive Secretary;Catalan
547;Iorgo Bridden;Occupational Therapist;Indonesian
548;Stanislaus Danilovich;Tax Accountant;Indonesian
549;Cheryl Livsey;Media Manager I;Punjabi
550;Taryn McCaughan;Account Representative III;Marathi
551;Aron Gindghill;Speech Pathologist;Oriya
552;Nadiya O'Rowane;Web Designer IV;Tsonga
553;Ardisj Horsey;Data Coordinator;Hungarian
554;Olin Southcombe;Social Worker;Afrikaans
555;Jeanette Martyns;Payment Adjustment Coordinator;Papiamento
556;Keely Kennewell;Help Desk Operator;Dhivehi
557;Suzanna Crumbleholme;Media Manager IV;Portuguese
558;Forest Headly;Human Resources Manager;English
559;Fidelity Cyples;Senior Developer;Bosnian
560;Tamma Maciunas;Nuclear Power Engineer;Estonian
561;Clarke Raisher;VP Product Management;Albanian
562;Faun Willicott;Internal Auditor;Burmese
563;Ina Dawley;Recruiter;English
564;Janetta Spittal;Accountant I;Pashto
565;Gasparo de Aguirre;Editor;Persian
566;Bernie Manston;Research Associate;Yiddish
567;Nanon Basketfield;Technical Writer;Swedish
568;Lillian Chaffer;Assistant Media Planner;Korean
569;Fritz Schroder;VP Product Management;German
570;Arri Bilyard;Occupational Therapist;Greek
571;Cazzie Beresford;General Manager;Korean
572;Cornela McKibbin;Physical Therapy Assistant;Spanish
573;Berke Unitt;General Manager;Finnish
574;Nev Willimot;Social Worker;Tswana
575;Kerry Itchingham;Community Outreach Specialist;Pashto
576;Anson Jorgesen;Health Coach II;Latvian
577;Vevay Aleksich;Financial Analyst;Bengali
578;Tabitha Crang;Statistician II;Amharic
579;Rochell Count;VP Product Management;Amharic
580;Caldwell McCrackem;Design Engineer;Italian
581;Simonette Landsborough;Assistant Professor;Portuguese
582;Cynde De Filippi;Operator;Northern Sotho
583;Johna Bramham;Quality Engineer;Armenian
584;Adore Penke;VP Marketing;Arabic
585;Alexi Ashpital;VP Marketing;Chinese
586;Damita Beceril;Associate Professor;Moldovan
587;Coleman Sothcott;Electrical Engineer;Swedish
588;Arnie Leile;Operator;Swahili
589;Michelle Jepp;Director of Sales;Afrikaans
590;Patric Wimpenny;Clinical Specialist;Swati
591;Stillman Rosthorn;Accounting Assistant IV;Swati
592;Maye Vost;Senior Editor;Finnish
593;Archy Friskey;Legal Assistant;Polish
594;Meyer St Angel;Analog Circuit Design manager;Ndebele
595;Gualterio Gounot;Internal Auditor;Maltese
596;Kendall Iggulden;Graphic Designer;Dari
597;Aurore Ciubutaro;Speech Pathologist;Fijian
598;Odele Krelle;Chief Design Engineer;Gujarati
599;Dayle Pestor;Safety Technician III;Chinese
600;Carrie Latta;Environmental Specialist;Dari
601;Yuri Bachura;Software Consultant;Danish
602;Sharl Gorsse;Design Engineer;West Frisian
603;Robinetta Jeffree;Product Engineer;Pashto
604;Pauly Bengtsson;Technical Writer;Maltese
605;Claiborn MacDavitt;Statistician III;Amharic
606;Rasia Linwood;Senior Developer;Nepali
607;Fiorenze Ettels;Administrative Officer;Hiri Motu
608;Hymie Elwill;Analog Circuit Design manager;Tsonga
609;Eleanora Robelin;Nurse Practicioner;Mongolian
610;Moritz Hedau;Financial Advisor;Czech
611;Gloriane Franzetti;Financial Analyst;Amharic
612;Charlotta Ames;Legal Assistant;Oriya
613;Barry Haszard;Legal Assistant;Quechua
614;Gusty Indruch;Assistant Manager;Romanian
615;La verne O'Loughnan;Community Outreach Specialist;Kyrgyz
616;Ondrea Colleymore;Payment Adjustment Coordinator;Hebrew
617;Grete Bignall;Financial Advisor;Moldovan
618;Doug Teers;Operator;Catalan
619;Teddy Taffee;Physical Therapy Assistant;Finnish
620;Conant Duckit;Developer II;Burmese
621;Jenilee Lindores;Financial Advisor;Tsonga
622;Mal Messham;Professor;German
623;Serena Janczyk;Accountant II;Tajik
624;Radcliffe Samart;Quality Engineer;Icelandic
625;Sydelle Nodin;Teacher;Marathi
626;Garret Manderson;Account Coordinator;Malayalam
627;Cherida MacKaig;Web Designer I;Thai
628;Allie Beldan;Human Resources Assistant I;Irish Gaelic
629;Gavra Kincey;Senior Quality Engineer;Ndebele
630;Mikey Berfoot;Assistant Manager;Portuguese
631;Bald Gyorgy;Social Worker;Khmer
632;Claudian Jellett;Administrative Officer;Hiri Motu
633;Maria Forsey;Business Systems Development Analyst;Hebrew
634;Elvira Malletratt;Internal Auditor;Kannada
635;Ettore Tebbitt;Engineer III;Tajik
636;Fredrika Fayers;Clinical Specialist;Azeri
637;Wanda Piscopello;Statistician I;Malayalam
638;Cecilla Cust;Biostatistician IV;Thai
639;Adria Parsons;Engineer I;New Zealand Sign Language
640;Carmelia Portchmouth;Social Worker;Assamese
641;Oberon Westwell;Programmer III;Thai
642;Lemar Caldeiro;Web Designer I;Oriya
643;Mariel Masterson;Account Representative IV;Catalan
644;Barris Osban;Recruiting Manager;Korean
645;Guntar Kemmons;Sales Associate;Kyrgyz
646;Loella Fiander;VP Quality Control;Japanese
647;Meggi Schultes;Help Desk Operator;Pashto
648;Katusha Hoggan;Civil Engineer;Malagasy
649;Cad Baroch;Media Manager I;Bengali
650;Greta Soares;Recruiting Manager;Swati
651;Fanny Fernando;Paralegal;Gujarati
652;Wileen Costard;Cost Accountant;Papiamento
653;Papageno Wartnaby;Civil Engineer;Bislama
654;Barbaraanne Mold;Account Representative III;Indonesian
655;Alyson Axston;Clinical Specialist;Estonian
656;Greta Wettern;Food Chemist;Tetum
657;Lenna Kildale;Analyst Programmer;Persian
658;Wayland Bucher;Actuary;Guaraní
659;Ariel Yukhin;Marketing Manager;Icelandic
660;Valaria Kolodziejski;Programmer II;Dari
661;Peterus MacCoughen;Sales Representative;Catalan
662;Normy Waycott;Chief Design Engineer;Macedonian
663;Bronnie MacGiolla;Chemical Engineer;Tajik
664;Vince Dyke;Senior Financial Analyst;Mongolian
665;Isa Wallwork;Engineer II;Hebrew
666;Banky Liptrod;Assistant Media Planner;Dhivehi
667;Sandy Schrinel;Software Engineer IV;Zulu
668;Gigi Eble;Professor;Nepali
669;Rae Grimwood;Paralegal;Catalan
670;Byrann Castletine;Media Manager I;Aymara
671;Mamie Peche;Quality Engineer;Bislama
672;Dolores Treleaven;Senior Financial Analyst;Luxembourgish
673;Micki Tuiller;Marketing Manager;Arabic
674;Jourdain Castle;Statistician II;Assamese
675;Leoine Davys;Geologist IV;Indonesian
676;Carolyne Francom;VP Marketing;Thai
677;Marius Ingles;Nurse;Zulu
678;Augustina Overton;Editor;Icelandic
679;Elyssa Aupol;Health Coach II;Swahili
680;Alfreda Ellcock;VP Sales;Greek
681;Alleen Milsom;Human Resources Assistant IV;German
682;Dasya Fulloway;Biostatistician II;Tswana
683;Micaela Korn;VP Sales;Kazakh
684;Marcia Lillico;Computer Systems Analyst IV;Guaraní
685;Francois Birney;Environmental Specialist;Albanian
686;Sullivan Dumingos;Information Systems Manager;Ndebele
687;Babb Pickavance;Software Consultant;Assamese
688;Weston Dolan;Computer Systems Analyst III;French
689;Desiri Pigeon;Actuary;Maltese
690;Normand Crellin;Database Administrator I;Polish
691;Gus Dorken;Payment Adjustment Coordinator;Georgian
692;Alberto Pollie;Software Engineer I;Romanian
693;Evelyn Cusack;Marketing Manager;Guaraní
694;Mohandas Enochsson;Occupational Therapist;Khmer
695;Kellen Ainger;Structural Analysis Engineer;Tsonga
696;Terrance Craythorne;Human Resources Manager;Italian
697;Angeline Verdun;Quality Engineer;Gagauz
698;Orton Tilzey;Account Executive;Indonesian
699;Tallie Wooderson;Executive Secretary;Icelandic
700;Raine Pattrick;Professor;Lao
701;Alis Carloni;Professor;Moldovan
702;Griffie Fernanando;Administrative Officer;Albanian
703;Philippa Shwenn;Data Coordinator;Dhivehi
704;Jemmie Wibrew;Clinical Specialist;Tajik
705;Berkeley Sumbler;General Manager;Spanish
706;Bobby Espadate;Electrical Engineer;Assamese
707;Barrie Disney;Accounting Assistant II;Fijian
708;Silvanus Pennaman;Sales Associate;Arabic
709;Coral Domegan;Payment Adjustment Coordinator;Finnish
710;Andrei Rospars;Marketing Assistant;Spanish
711;Zelda O'Connor;Senior Editor;Hindi
712;Horacio Physick;VP Marketing;Northern Sotho
713;Dunc Donegan;Professor;Belarusian
714;Norah Spurman;Librarian;New Zealand Sign Language
715;Richard Hlavecek;Quality Engineer;Somali
716;Julian Trusslove;Clinical Specialist;Kazakh
717;Reece Wealleans;Senior Sales Associate;Ndebele
718;Thomasin Emney;Nuclear Power Engineer;Kazakh
719;Shirlene Sutton;Assistant Manager;Burmese
720;Cheryl Jupe;Environmental Specialist;Greek
721;Lilian Bickersteth;Product Engineer;Tsonga
722;Saidee Sloat;Social Worker;West Frisian
723;Claude Bresland;Safety Technician II;Persian
724;Maribelle Rapelli;Research Associate;Portuguese
725;Janis Parton;Professor;Tetum
726;Alissa Claremont;Systems Administrator I;Kyrgyz
727;Wildon Grainger;Nurse;Tok Pisin
728;Lenore Pavlovsky;VP Accounting;Romanian
729;Kennett Gilsthorpe;Web Designer I;Montenegrin
730;Gilly Trevan;Legal Assistant;Italian
731;Odetta Suthworth;Biostatistician III;Gujarati
732;Teodoro Ketteridge;Systems Administrator I;Portuguese
733;Laverna Aymer;Graphic Designer;Tajik
734;Mata Connachan;Clinical Specialist;Quechua
735;Dewey Musterd;Biostatistician IV;Tajik
736;Dante Durman;Programmer Analyst IV;English
737;Lothaire Bootell;Desktop Support Technician;Moldovan
738;Zed Aleixo;Mechanical Systems Engineer;Tok Pisin
739;Thorin Leyton;Product Engineer;Kyrgyz
740;Felix Cureton;Staff Scientist;Filipino
741;Stevy Sumsion;Environmental Specialist;Bengali
742;Carlin Ronald;Database Administrator I;Tamil
743;Lavina Beaty;Electrical Engineer;Arabic
744;Bernardo Gainor;VP Quality Control;Spanish
745;Whitman Cosser;Senior Financial Analyst;Maltese
746;Adlai Tremmil;Biostatistician II;French
747;Claire Shearston;Legal Assistant;Hebrew
748;Loralyn Fahy;Account Executive;Romanian
749;Rahel Krzysztof;Social Worker;Romanian
750;Zarla Goudie;Financial Analyst;Bislama
751;Deloris Shellum;Research Nurse;Guaraní
752;Brantley Kegg;Editor;Portuguese
753;Bridgette Hingeley;Clinical Specialist;Aymara
754;Maxy Kleinsinger;Quality Control Specialist;Tamil
755;Oberon Zouch;Help Desk Technician;Spanish
756;Ardyth Braksper;VP Sales;Guaraní
757;Ashil Coldman;Financial Advisor;Greek
758;Ingunna Konerding;Administrative Assistant I;Albanian
759;Bernard Brotherwood;Accountant II;Tsonga
760;Jorge Essery;Community Outreach Specialist;Swedish
761;Robin Shelvey;Programmer IV;Icelandic
762;Winni Balham;Environmental Specialist;Kashmiri
763;Vite Free;Help Desk Operator;Yiddish
764;Cchaddie Dearnaley;Geologist IV;Japanese
765;Gladys Batho;Safety Technician III;New Zealand Sign Language
766;Maurice Craydon;Registered Nurse;Guaraní
767;Janetta Stiant;Biostatistician I;Gujarati
768;Yul Beere;Nurse;Norwegian
769;Donalt Alps;Software Engineer II;Punjabi
770;Kaela Olech;Operator;Afrikaans
771;Omar Warnock;Clinical Specialist;Zulu
772;Shawn McCullum;Safety Technician III;Portuguese
773;Luci Emmett;Speech Pathologist;Arabic
774;Gwendolen Houlston;Professor;Pashto
775;Ruprecht Gater;Computer Systems Analyst IV;Bislama
776;Bobine Falco;Geologist IV;Indonesian
777;Riannon Whelan;Professor;Māori
778;Thadeus Daye;Analog Circuit Design manager;Tetum
779;Chan Penwarden;VP Quality Control;Malagasy
780;Fawn Tapley;Physical Therapy Assistant;Tok Pisin
781;Ross Neaves;Nurse;Filipino
782;Darya Wigsell;Technical Writer;Sotho
783;Raimondo Firmage;Recruiting Manager;Maltese
784;Philip Dive;Civil Engineer;Swedish
785;Corbie Greber;Chief Design Engineer;Finnish
786;Darn Spurrett;Analog Circuit Design manager;Croatian
787;Lazaro Smowton;Operator;Ndebele
788;Darice Menico;Pharmacist;Punjabi
789;Hildagarde Jepp;Sales Representative;Khmer
790;Brook Armal;General Manager;Gujarati
791;Melessa Sebire;Assistant Professor;Swati
792;Josepha Havard;Assistant Media Planner;Luxembourgish
793;Maxie Simonin;Recruiter;Kurdish
794;Agace McMurraya;Web Designer II;Catalan
795;Natal Feare;Human Resources Manager;Persian
796;Valencia Chesters;Environmental Tech;Belarusian
797;Kliment Game;Senior Quality Engineer;Sotho
798;Willamina Fakeley;General Manager;Lithuanian
799;Fin Banyard;Mechanical Systems Engineer;Hindi
800;Melodie Tinsey;Product Engineer;Tok Pisin
801;Lanae Jonk;Marketing Manager;Romanian
802;Hamilton Sleney;Staff Scientist;Finnish
803;Malynda Brigg;Budget/Accounting Analyst I;French
804;Jocko Fevier;Marketing Assistant;Afrikaans
805;Anabelle Hallows;Project Manager;Malay
806;Chico Morkham;Computer Systems Analyst IV;Latvian
807;Roddy Strangeways;Statistician II;Persian
808;Even Semper;VP Accounting;Greek
809;Ilyssa Matterface;VP Product Management;Kurdish
810;Coleen Milington;Information Systems Manager;Quechua
811;Daisie Wickett;Data Coordinator;Thai
812;Wells Gladebeck;Senior Developer;French
813;Shir Buggs;Sales Representative;Swedish
814;Carina Batman;Computer Systems Analyst I;Kyrgyz
815;Shaylyn Foulstone;Graphic Designer;Thai
816;Shellie Sewart;Account Representative IV;Dari
817;Lazarus McCard;Automation Specialist II;Bulgarian
818;Jenn Geater;Design Engineer;Irish Gaelic
819;Annelise Alcock;Dental Hygienist;Luxembourgish
820;Gerrie Knappen;Software Engineer I;Swedish
821;Arline Banfill;Sales Representative;Gagauz
822;Gabe Ballingal;Internal Auditor;Bulgarian
823;Giana Hamblin;Health Coach II;Thai
824;Stefanie Durbyn;Legal Assistant;Indonesian
825;Emmy Stopps;Structural Analysis Engineer;Kannada
826;Katharina Babb;Sales Associate;Khmer
827;Freeman Jedrasik;Social Worker;Albanian
828;Ally Sitwell;Project Manager;Georgian
829;Kinny Marguerite;Statistician IV;Bosnian
830;Queenie Hinsch;Junior Executive;Tamil
831;Norbie Neaves;Engineer II;Pashto
832;Evonne Strahan;Legal Assistant;Croatian
833;Bobbe Rizzillo;Project Manager;Northern Sotho
834;Eugenio Soans;Nuclear Power Engineer;Kannada
835;Grata Clifforth;Design Engineer;Pashto
836;Verney Whitrod;Media Manager III;Kazakh
837;Cissiee Probbing;VP Product Management;Quechua
838;Corrine Staddon;Automation Specialist I;Tetum
839;Jesus Abrahamovitz;Community Outreach Specialist;Norwegian
840;Zena Gierok;GIS Technical Architect;Somali
841;Valli Munnion;Account Representative I;Afrikaans
842;Hillary Sprigin;Assistant Manager;Czech
843;Huntlee Grogan;Software Consultant;French
844;Jon MacTague;Research Nurse;Māori
845;Trix Shucksmith;VP Product Management;Guaraní
846;Olivero Jarratt;Help Desk Technician;Swedish
847;Mira Leggin;Statistician III;Bislama
848;Patrizius Krysiak;Marketing Assistant;Romanian
849;Priscilla Durbin;Senior Quality Engineer;Greek
850;Montague Batchley;Cost Accountant;Estonian
851;Caryl Tuminini;Nuclear Power Engineer;Swahili
852;Merrill Wherry;Structural Engineer;Malagasy
853;Alfons Labrom;Speech Pathologist;Ndebele
854;Clemens Feltham;Senior Financial Analyst;Malagasy
855;Redd Humburton;Account Representative III;Maltese
856;Valentino Lyman;Human Resources Manager;Kashmiri
857;Brunhilda Petras;Quality Engineer;Oriya
858;Carlina Scandwright;Recruiting Manager;Italian
859;Kesley Saurin;General Manager;Croatian
860;Maria Klimko;Editor;Dzongkha
861;Jareb Exley;Help Desk Technician;Maltese
862;Casi Halliburton;Senior Editor;Spanish
863;Marsiella Bouch;Environmental Specialist;Punjabi
864;Franz Thurstan;Desktop Support Technician;Afrikaans
865;Charmine O'Sherrin;Senior Editor;Kurdish
866;Adriena Brenneke;Programmer Analyst II;Tsonga
867;Wilbur Ovill;Chemical Engineer;English
868;Gae Oertzen;Analog Circuit Design manager;Hiri Motu
869;Vivianne Duley;Senior Cost Accountant;Haitian Creole
870;Ozzie Manssuer;Help Desk Operator;Lao
871;Bili Lardner;Web Designer II;Finnish
872;Antonio Tough;Senior Financial Analyst;Arabic
873;Ira Vankov;Legal Assistant;Tamil
874;Chevy Hovel;Help Desk Technician;Moldovan
875;Josiah Evangelinos;Professor;Tajik
876;Jennine Terese;Health Coach IV;Tsonga
877;Cheri Beauvais;Senior Cost Accountant;Filipino
878;Nani Beagrie;Senior Cost Accountant;Māori
879;Freddi Tabourel;Nurse;Moldovan
880;Huberto Roose;Nuclear Power Engineer;French
881;Gunner Konzelmann;Assistant Media Planner;Italian
882;Callida Chateau;VP Quality Control;Somali
883;Dal Woofenden;Internal Auditor;New Zealand Sign Language
884;Kimble Cejka;Community Outreach Specialist;Bulgarian
885;Fallon Bente;Quality Control Specialist;Quechua
886;Jareb McShane;Automation Specialist III;Montenegrin
887;Jillene Matzke;Human Resources Manager;Lao
888;Sayre Brisse;Physical Therapy Assistant;Gagauz
889;Alleyn Jonin;Nuclear Power Engineer;Croatian
890;Rhody Begg;Account Executive;Albanian
891;Sabrina Pretorius;Professor;Azeri
892;Ferrell Gogan;Statistician I;Haitian Creole
893;Leonidas Storkes;Legal Assistant;Tok Pisin
894;Buddie Spurdens;Database Administrator I;Macedonian
895;Elsbeth Jochen;VP Product Management;Hindi
896;Aleece Jikovsky;Engineer I;Moldovan
897;Jeralee Barritt;Professor;Assamese
898;Stephi Grayling;VP Sales;Hebrew
899;Lark Landrick;Account Executive;Ndebele
900;Angelia Lumsden;Financial Analyst;Malagasy
901;Claudia Knightly;Electrical Engineer;French
902;Rafa Farryan;Accountant II;Maltese
903;Elita Lukas;Environmental Specialist;Swedish
904;Cindelyn Kyd;Human Resources Manager;Luxembourgish
905;Ellette Pocknell;Senior Sales Associate;Afrikaans
906;Roselin Rapport;Recruiter;Afrikaans
907;Aylmar McDoual;Computer Systems Analyst I;Kurdish
908;Vaclav Retallick;Internal Auditor;Somali
909;Eilis Dearth;Geologist I;Luxembourgish
910;Jobyna Randall;Web Developer I;Luxembourgish
911;Roland Montfort;Desktop Support Technician;Amharic
912;Horatius Blankau;Nurse;Luxembourgish
913;Jone Cranmere;Dental Hygienist;Arabic
914;Latisha Boissier;VP Product Management;Burmese
915;Waldo Gormally;VP Marketing;Czech
916;Ric Brabben;Executive Secretary;Korean
917;Daven Alvarez;Product Engineer;Armenian
918;Seumas Ivanov;Research Assistant I;Malayalam
919;Raymund Moroney;Senior Quality Engineer;Norwegian
920;Nananne Noakes;Research Assistant III;Bulgarian
921;Eda Dumblton;Environmental Tech;Haitian Creole
922;Bay Illingworth;Structural Analysis Engineer;Spanish
923;Roddie Hilland;Technical Writer;Gujarati
924;Bonnibelle Linforth;Accounting Assistant II;Albanian
925;Lynn Pellingar;Senior Cost Accountant;Hebrew
926;Carey Gonzales;General Manager;Khmer
927;Astrid By;Junior Executive;Amharic
928;Ursuline Renforth;Chemical Engineer;English
929;Dev Ferenczi;Account Coordinator;Amharic
930;Elvis Clarridge;Marketing Assistant;Quechua
931;Felice Mattheus;Office Assistant III;Romanian
932;Luciana Stebbing;Senior Financial Analyst;Bengali
933;Arline Puckey;Web Developer IV;Tajik
934;Wilbur Statton;GIS Technical Architect;Zulu
935;Neilla Grevatt;Nurse Practicioner;Dutch
936;Sigfrid Lees;Programmer II;Tetum
937;Coop Tyzack;Payment Adjustment Coordinator;Somali
938;Shandra Hordle;Automation Specialist III;Korean
939;Katha Keerl;Software Consultant;Thai
940;Lamond Ibbitson;Programmer Analyst IV;Bengali
941;Audrye Harriagn;Mechanical Systems Engineer;Ndebele
942;Samara Aitken;Senior Quality Engineer;Hebrew
943;Luce Humes;Marketing Assistant;Kazakh
944;Ardella Kenna;Project Manager;Luxembourgish
945;Maryrose Melan;Research Associate;Japanese
946;Jenni Crossgrove;Marketing Assistant;Danish
947;Emlyn Fibbens;Product Engineer;Albanian
948;Peggi Khilkov;Assistant Professor;Quechua
949;Waly Wolfendale;Financial Analyst;Kyrgyz
950;Brear Peiro;Dental Hygienist;Tajik
951;Gunter Botten;Administrative Officer;Tswana
952;Wilow Brydone;Account Representative IV;Papiamento
953;Christie Seivertsen;Chemical Engineer;Lithuanian
954;Cynthia Levermore;Desktop Support Technician;Kyrgyz
955;Barbee Huggins;Legal Assistant;Kyrgyz
956;Kally Ferrey;Computer Systems Analyst II;Kyrgyz
957;Powell Giron;Clinical Specialist;English
958;Sherye Libreros;Mechanical Systems Engineer;Malagasy
959;Tani Iori;Cost Accountant;Kazakh
960;Valina Devote;VP Sales;Hiri Motu
961;Arluene Harsant;Database Administrator II;Georgian
962;Mattie Scolli;Administrative Officer;Assamese
963;Adara Deekes;Human Resources Manager;Kurdish
964;Candie Felgate;Senior Developer;German
965;Jodie Dohrmann;Librarian;Bosnian
966;Guinevere Olyet;Accounting Assistant I;Swahili
967;Adoree Medway;Senior Quality Engineer;Fijian
968;Natividad Siggens;Senior Editor;Northern Sotho
969;Nikolas Hounsome;Junior Executive;Catalan
970;Yvor MacCrachen;Recruiter;Montenegrin
971;Wilfred Noke;Assistant Professor;Kashmiri
972;Kelli Raecroft;Chemical Engineer;French
973;Chloris Brasted;Staff Scientist;Kashmiri
974;Hilda Broddle;Quality Control Specialist;Burmese
975;Micheline Bolderoe;Environmental Tech;Tsonga
976;Myrvyn Fellnee;Staff Accountant I;Khmer
977;Adriana Janek;Staff Accountant III;Lithuanian
978;Ludwig Baversor;Statistician III;Hungarian
979;Jeff Clapp;Senior Editor;Hindi
980;Nessie Bourdas;Staff Scientist;Kazakh
981;Nevile Croutear;Account Executive;Luxembourgish
982;Star Prickett;Professor;Montenegrin
983;Thom Punton;Safety Technician I;Bengali
984;Hinda Weben;Financial Advisor;New Zealand Sign Language
985;Charmaine Leathwood;Recruiter;Kurdish
986;Happy Mould;Sales Associate;Telugu
987;Nathalia Dudin;Safety Technician II;Danish
988;Lorenza Troctor;Compensation Analyst;Papiamento
989;Dewey Petronis;Food Chemist;Khmer
990;Carola Fance;Research Assistant II;West Frisian
991;Selinda Odell;Operator;Albanian
992;Dagny Messham;Nuclear Power Engineer;Yiddish
993;Charley Semkins;Teacher;Chinese
994;Kennan Hounson;Registered Nurse;Telugu
995;Bonnee Husbands;Safety Technician II;Bislama
996;Toma Petricek;Nuclear Power Engineer;Malagasy
997;Kaja Wynne;VP Accounting;Mongolian
998;Cullan Ewington;Quality Control Specialist;Tajik
999;Catherina Mucci;Assistant Manager;English
1000;Laurette Pell;Operator;Maltese